{
  "n_images_with_gold": 10,
  "n_skipped": 0,
  "BLEU": 0.3415266754962677,
  "ROUGE-L": 0.31423794388525483,
  "BertScore_F1": 0.6748784184455872
}