{
  "n_images_with_gold": 10,
  "n_skipped": 0,
  "BLEU": 0.3453332201574689,
  "ROUGE-L": 0.29438480065909517,
  "BertScore_F1": 0.6810283660888672
}