{
  "n_images_with_gold": 10,
  "n_skipped": 0,
  "BLEU": 0.7214333393256362,
  "ROUGE-L": 0.35301950134130955,
  "BertScore_F1": 0.6984081268310547
}