{
  "n_images_with_gold": 10,
  "n_skipped": 0,
  "BLEU": 1.5170010083604284,
  "ROUGE-L": 0.3539642980607803,
  "BertScore_F1": 0.7170544862747192
}