{
  "n_images_with_gold": 10,
  "n_skipped": 0,
  "BLEU": 0.3774170357819739,
  "ROUGE-L": 0.30857928072546725,
  "BertScore_F1": 0.6771451830863953
}