{
  "n_images_with_gold": 10,
  "n_skipped": 0,
  "BLEU": 0.0,
  "ROUGE-L": 0.31641712954148193,
  "BertScore_F1": 0.6851093173027039
}