{
  "n_images_with_gold": 10,
  "n_skipped": 0,
  "BLEU": 0.0,
  "ROUGE-L": 0.297932470275866,
  "BertScore_F1": 0.6458827257156372
}