{
  "n_images_with_gold": 10,
  "n_skipped": 0,
  "BLEU": 0.7033592868213592,
  "ROUGE-L": 0.323760949341637,
  "BertScore_F1": 0.6570327877998352
}