{
  "n_images_with_gold": 10,
  "n_skipped": 0,
  "BLEU": 1.8524129600003962,
  "ROUGE-L": 0.35336416585378394,
  "BertScore_F1": 0.6990329027175903
}