{
  "n_images_with_gold": 10,
  "n_skipped": 0,
  "BLEU": 0.5340424723406046,
  "ROUGE-L": 0.32742928719369246,
  "BertScore_F1": 0.6999872326850891
}