{
  "n_images_with_gold": 10,
  "n_skipped": 0,
  "BLEU": 0.6964087744521917,
  "ROUGE-L": 0.3460425917755522,
  "BertScore_F1": 0.7103531956672668
}