{
  "n_images_with_gold": 10,
  "n_skipped": 0,
  "BLEU": 0.8205993857939917,
  "ROUGE-L": 0.323741844995625,
  "BertScore_F1": 0.6524279713630676
}