{
  "n_images_with_gold": 10,
  "n_skipped": 0,
  "BLEU": 0.23834756282366046,
  "ROUGE-L": 0.2694020149850601,
  "BertScore_F1": 0.6513368487358093
}