{
  "n_images_with_gold": 10,
  "n_skipped": 0,
  "BLEU": 0.9623507766405179,
  "ROUGE-L": 0.35479366590619854,
  "BertScore_F1": 0.6894375681877136
}