{
  "n_images_with_gold": 10,
  "n_skipped": 0,
  "BLEU": 0.0,
  "ROUGE-L": 0.3003809635117777,
  "BertScore_F1": 0.6794930696487427
}