{
  "n_images_with_gold": 10,
  "n_skipped": 0,
  "BLEU": 1.9970001157453374,
  "ROUGE-L": 0.3968515587172884,
  "BertScore_F1": 0.6937452554702759
}