{
  "n_images_with_gold": 10,
  "n_skipped": 0,
  "BLEU": 1.3842138682597684,
  "ROUGE-L": 0.4096569079215633,
  "BertScore_F1": 0.6912007927894592
}