{
  "n_images_with_gold": 10,
  "n_skipped": 0,
  "BLEU": 0.8277402469809451,
  "ROUGE-L": 0.35804315723747193,
  "BertScore_F1": 0.6902258992195129
}