{
  "n_images_with_gold": 10,
  "n_skipped": 0,
  "BLEU": 0.851659301881964,
  "ROUGE-L": 0.36083904960624213,
  "BertScore_F1": 0.6938950419425964
}