{
  "n_images_with_gold": 10,
  "n_skipped": 0,
  "BLEU": 0.48944514098782355,
  "ROUGE-L": 0.3699848777432279,
  "BertScore_F1": 0.7159674763679504
}