{
  "n_images_with_gold": 10,
  "n_skipped": 0,
  "BLEU": 0.5040715100758529,
  "ROUGE-L": 0.34581111110573126,
  "BertScore_F1": 0.706236720085144
}