{
  "n_images_with_gold": 10,
  "n_skipped": 0,
  "BLEU": 0.9961671424315831,
  "ROUGE-L": 0.39857837430047166,
  "BertScore_F1": 0.7038299441337585
}