{
  "n_images_with_gold": 10,
  "n_skipped": 0,
  "BLEU": 0.5493203468749289,
  "ROUGE-L": 0.3654175094962092,
  "BertScore_F1": 0.6910921335220337
}