{
  "n_images_with_gold": 10,
  "n_skipped": 0,
  "BLEU": 1.020706504671432,
  "ROUGE-L": 0.4076251722737531,
  "BertScore_F1": 0.7069944143295288
}