{
  "n_images_with_gold": 10,
  "n_skipped": 0,
  "BLEU": 0.553665826719072,
  "ROUGE-L": 0.36038744750838836,
  "BertScore_F1": 0.698222815990448
}