{
  "n_images_with_gold": 10,
  "n_skipped": 0,
  "BLEU": 0.7487590342047253,
  "ROUGE-L": 0.3628707040452833,
  "BertScore_F1": 0.6727100014686584
}