{
  "n_images_with_gold": 10,
  "n_skipped": 0,
  "BLEU": 1.2505905405678484,
  "ROUGE-L": 0.37605515705248693,
  "BertScore_F1": 0.7001228332519531
}