{
  "n_images_with_gold": 10,
  "n_skipped": 0,
  "BLEU": 0.5987967822542395,
  "ROUGE-L": 0.339580667355991,
  "BertScore_F1": 0.6910300254821777
}