{
  "n_images_with_gold": 10,
  "n_skipped": 0,
  "BLEU": 0.3350138918412759,
  "ROUGE-L": 0.33183787633699496,
  "BertScore_F1": 0.6794145703315735
}