{
  "n_images_with_gold": 10,
  "n_skipped": 0,
  "BLEU": 2.7885762648216916,
  "ROUGE-L": 0.39146247874759055,
  "BertScore_F1": 0.6954382658004761
}