{
  "n_images_with_gold": 10,
  "n_skipped": 0,
  "BLEU": 1.0770050589901943,
  "ROUGE-L": 0.33621415697602564,
  "BertScore_F1": 0.6942866444587708
}