{
  "n_images_with_gold": 10,
  "n_skipped": 0,
  "BLEU": 2.8777206602989076,
  "ROUGE-L": 0.42781389530594777,
  "BertScore_F1": 0.7182438373565674
}