{
  "n_images_with_gold": 10,
  "n_skipped": 0,
  "BLEU": 2.9585172845176295,
  "ROUGE-L": 0.4315476063599341,
  "BertScore_F1": 0.7267670631408691
}