{
  "n_images_with_gold": 10,
  "n_skipped": 0,
  "BLEU": 2.6155495552310146,
  "ROUGE-L": 0.426826740128415,
  "BertScore_F1": 0.72087562084198
}