{
  "n_images_with_gold": 10,
  "n_skipped": 0,
  "BLEU": 3.342045832005981,
  "ROUGE-L": 0.4483999001352551,
  "BertScore_F1": 0.7343918085098267
}